0.32596060633659363,0.924871563911438,8.246582297033456e-07,0.3613108992576599,0.8033372163772583,0.006434691604226828,0.35541605949401855,0.6889104843139648,0.00619641924276948,0.3563584089279175,0.6088243126869202,-0.004963606595993042,0.37039920687675476,0.5388800501823425,-0.01645626686513424,0.2910367548465729,0.6515678763389587,0.029001254588365555,0.3122120797634125,0.557239294052124,0.0014129573246464133,0.33966460824012756,0.4945489764213562,-0.021938379853963852,0.36430954933166504,0.4423358738422394,-0.037321701645851135,0.26090773940086365,0.6658732295036316,0.006581589579582214,0.2917654514312744,0.5624139904975891,-0.03313393145799637,0.3508630394935608,0.5201877951622009,-0.05593862012028694,0.39796218276023865,0.4970662593841553,-0.06537753343582153,0.2322140485048294,0.694537878036499,-0.019744087010622025,0.27339017391204834,0.5894724726676941,-0.07018601149320602,0.31595104932785034,0.6486393809318542,-0.07227616757154465,0.33291909098625183,0.706234335899353,-0.060260504484176636,0.20818081498146057,0.7352908849716187,-0.04575959965586662,0.2601751387119293,0.6478021144866943,-0.08570770919322968,0.3037564754486084,0.6850302219390869,-0.08278965204954147,0.3215875029563904,0.7317835688591003,-0.07090108841657639,8
0.2616613209247589,0.891137957572937,3.784351747526671e-07,0.3266392648220062,0.8227570652961731,-0.03752637282013893,0.35433530807495117,0.6815682649612427,-0.04956524819135666,0.349219411611557,0.5671107769012451,-0.06052186340093613,0.3195434808731079,0.4816872775554657,-0.06863144785165787,0.3462149202823639,0.5833982825279236,0.01294457633048296,0.36424994468688965,0.4698563814163208,-0.00025957898469641805,0.3698273003101349,0.38876569271087646,-0.01197041105479002,0.3744913339614868,0.3146892786026001,-0.024416036903858185,0.2947286069393158,0.5744942426681519,0.009274506010115147,0.28199562430381775,0.43092718720436096,-0.03423989936709404,0.28420111536979675,0.4633035659790039,-0.05618627369403839,0.2956582307815552,0.5145776271820068,-0.054635826498270035,0.24279917776584625,0.5840504169464111,-0.002324179746210575,0.2166886031627655,0.45174217224121094,-0.03165247291326523,0.20183247327804565,0.36332520842552185,-0.04997611045837402,0.1915472000837326,0.28445112705230713,-0.05641493201255798,0.19830650091171265,0.6193529367446899,-0.018431566655635834,0.1706046164035797,0.5314087867736816,-0.03248066082596779,0.15187346935272217,0.47083836793899536,-0.040032580494880676,0.13373513519763947,0.41053247451782227,-0.04598738253116608,8
0.25878873467445374,0.8937573432922363,3.559784715889691e-07,0.32527515292167664,0.8247460722923279,-0.03230390325188637,0.3551694452762604,0.683728814125061,-0.041370343416929245,0.35216397047042847,0.5731067657470703,-0.05018556863069534,0.32195353507995605,0.4943068027496338,-0.05654551088809967,0.3427790105342865,0.5883371829986572,0.013730808161199093,0.36229389905929565,0.47483590245246887,-3.117422602372244e-05,0.3682277202606201,0.3935348689556122,-0.01249209139496088,0.37288254499435425,0.3183702230453491,-0.02558993734419346,0.2917787432670593,0.5780826210975647,0.007490712217986584,0.2817128598690033,0.43317463994026184,-0.0370178297162056,0.28847992420196533,0.45816725492477417,-0.06082998216152191,0.3006780743598938,0.5076157450675964,-0.060981035232543945,0.24086470901966095,0.588275671005249,-0.005885928403586149,0.21485888957977295,0.4552113711833954,-0.036857087165117264,0.19996964931488037,0.36386796832084656,-0.05756096914410591,0.18852773308753967,0.2853405475616455,-0.06547732651233673,0.19680428504943848,0.6234712600708008,-0.023075124248862267,0.16952212154865265,0.5349313020706177,-0.039318494498729706,0.1504901647567749,0.47318410873413086,-0.04869794845581055,0.13150356709957123,0.4134925901889801,-0.055716902017593384,8
0.2606334686279297,0.8914389610290527,3.193044051386096e-07,0.3252122402191162,0.8223569989204407,-0.032522279769182205,0.3544226586818695,0.6828945279121399,-0.04235983267426491,0.3520347774028778,0.5711892247200012,-0.05180538445711136,0.32205188274383545,0.4895933270454407,-0.05889156460762024,0.34294241666793823,0.5848294496536255,0.01250476110726595,0.3604339361190796,0.4700912535190582,-0.0013794914120808244,0.3651205003261566,0.3902641534805298,-0.013774052262306213,0.3690073788166046,0.31588345766067505,-0.02668086811900139,0.2926355302333832,0.5760362148284912,0.006598114967346191,0.280592143535614,0.43122750520706177,-0.03786071762442589,0.28278160095214844,0.4608570337295532,-0.061184145510196686,0.2918117344379425,0.5122739672660828,-0.060951896011829376,0.24189679324626923,0.586414098739624,-0.006351038347929716,0.2153433859348297,0.4543154239654541,-0.03630004823207855,0.19907137751579285,0.3651717007160187,-0.05581042170524597,0.1869364082813263,0.28733909130096436,-0.06318521499633789,0.19798970222473145,0.6217622756958008,-0.023167435079813004,0.16739489138126373,0.5345091819763184,-0.03828699141740799,0.14697463810443878,0.4744882583618164,-0.04677892476320267,0.12790653109550476,0.41458725929260254,-0.053235020488500595,8
0.2629815936088562,0.8960213661193848,3.3809826049946423e-07,0.32927489280700684,0.8282787203788757,-0.03196228668093681,0.3578782379627228,0.6827856302261353,-0.04044458270072937,0.35310760140419006,0.5696256756782532,-0.04859837144613266,0.32258138060569763,0.48984530568122864,-0.05405264347791672,0.34699398279190063,0.5878309607505798,0.01570119336247444,0.36480891704559326,0.47319620847702026,0.003269731067121029,0.3700343072414398,0.3933311998844147,-0.00814658123999834,0.37428396940231323,0.3187980353832245,-0.02063504420220852,0.29580259323120117,0.5777879953384399,0.009808315895497799,0.2842461168766022,0.4320782423019409,-0.03441788628697395,0.289389431476593,0.46259379386901855,-0.05713031440973282,0.30100882053375244,0.5164365768432617,-0.05598379299044609,0.2441607117652893,0.5877850651741028,-0.003318232949823141,0.21620109677314758,0.4541797637939453,-0.032972872257232666,0.20086254179477692,0.3639771640300751,-0.05232808366417885,0.18973833322525024,0.28570523858070374,-0.059325914829969406,0.2000143676996231,0.62307208776474,-0.020363321527838707,0.1702912300825119,0.5349879860877991,-0.03456517308950424,0.1501413881778717,0.47414329648017883,-0.04289793223142624,0.1310158371925354,0.4137458801269531,-0.04943890497088432,8
0.26285111904144287,0.9022865891456604,3.295675981007662e-07,0.3287787437438965,0.8340293169021606,-0.03349604830145836,0.3595570921897888,0.6903262138366699,-0.04273677617311478,0.3593364655971527,0.5761122107505798,-0.05137611925601959,0.33001720905303955,0.4947671890258789,-0.057396966964006424,0.34706422686576843,0.5937061905860901,0.011279621161520481,0.36750906705856323,0.47799384593963623,-0.003629652550444007,0.3754783868789673,0.3971501588821411,-0.016460875049233437,0.3827168941497803,0.3214172124862671,-0.029522910714149475,0.2962144911289215,0.5832144618034363,0.005719199776649475,0.28624778985977173,0.43772178888320923,-0.03918612003326416,0.29099488258361816,0.4633796215057373,-0.06202739477157593,0.30226919054985046,0.5119057297706604,-0.06151019036769867,0.24524225294589996,0.5923458933830261,-0.007216209080070257,0.2190885990858078,0.4588843882083893,-0.038566503673791885,0.20370018482208252,0.36779266595840454,-0.05815429985523224,0.1928774118423462,0.28770244121551514,-0.06527384370565414,0.20125587284564972,0.626899242401123,-0.024147557094693184,0.1721719652414322,0.5369299650192261,-0.040417637676000595,0.1518246829509735,0.4755204916000366,-0.04922611266374588,0.13239866495132446,0.41439300775527954,-0.055822376161813736,8
0.2670016586780548,0.9040815234184265,3.7383347262220923e-07,0.33225488662719727,0.8344061374664307,-0.03434189409017563,0.36316972970962524,0.6896968483924866,-0.044719450175762177,0.36149710416793823,0.5759634971618652,-0.05451378598809242,0.3302341103553772,0.49482953548431396,-0.06183357536792755,0.35129159688949585,0.5936858057975769,0.012670936994254589,0.37099891901016235,0.4797258973121643,-0.0012299042427912354,0.37881118059158325,0.39857327938079834,-0.013674857094883919,0.3859073519706726,0.32404932379722595,-0.026560643687844276,0.2998485863208771,0.5840664505958557,0.007253268267959356,0.2880341410636902,0.43802231550216675,-0.03614651411771774,0.2912169098854065,0.46468818187713623,-0.05844975262880325,0.30253586173057556,0.513965368270874,-0.05754975229501724,0.24790893495082855,0.5935826301574707,-0.005701263435184956,0.22188840806484222,0.4587440490722656,-0.035440944135189056,0.2074442207813263,0.368158221244812,-0.054409850388765335,0.19743633270263672,0.2882438898086548,-0.06134328991174698,0.20340166985988617,0.629855215549469,-0.02283918857574463,0.17350855469703674,0.5411339998245239,-0.037800345569849014,0.15300464630126953,0.47877633571624756,-0.04603542760014534,0.1332324594259262,0.41687411069869995,-0.052431169897317886,8
0.2669339179992676,0.904818058013916,3.602441438488313e-07,0.3320332169532776,0.8372726440429688,-0.034851934760808945,0.3630361557006836,0.6927683353424072,-0.04588113725185394,0.36141297221183777,0.5762245655059814,-0.05618542432785034,0.33030253648757935,0.49303513765335083,-0.06403353810310364,0.3505193591117859,0.5952599048614502,0.010399982333183289,0.3669206500053406,0.47680139541625977,-0.00354435364715755,0.37196585536003113,0.39481449127197266,-0.015647495165467262,0.37663534283638,0.31933680176734924,-0.02847805619239807,0.3000009059906006,0.5861829519271851,0.005517622921615839,0.2884121835231781,0.43701207637786865,-0.03834008798003197,0.2926853895187378,0.460598886013031,-0.061029739677906036,0.3039969801902771,0.508581817150116,-0.06066984683275223,0.24929597973823547,0.5965667963027954,-0.00663113733753562,0.22329309582710266,0.45889824628829956,-0.03725331649184227,0.20691397786140442,0.36753708124160767,-0.05690986290574074,0.19512683153152466,0.28830623626708984,-0.06438557058572769,0.2050836980342865,0.6328988671302795,-0.02282695099711418,0.173926442861557,0.5442613959312439,-0.039657965302467346,0.15185971558094025,0.481731653213501,-0.049646228551864624,0.131077378988266,0.4194220304489136,-0.057130008935928345,8
0.2702174782752991,0.9038186073303223,3.531131085310335e-07,0.3349095582962036,0.8381770253181458,-0.03347419202327728,0.36468183994293213,0.6908980011940002,-0.043771009892225266,0.36244362592697144,0.5768639445304871,-0.05388292297720909,0.3344722390174866,0.49384480714797974,-0.06146747246384621,0.3516426086425781,0.5938361287117004,0.01336697768419981,0.36575812101364136,0.47572606801986694,0.00039456598460674286,0.3711901307106018,0.3953471779823303,-0.011115457862615585,0.3755573630332947,0.3210730254650116,-0.023784469813108444,0.3019176721572876,0.5853131413459778,0.0074181207455694675,0.29014307260513306,0.43881720304489136,-0.037718914449214935,0.29742103815078735,0.4680170714855194,-0.061394866555929184,0.3109399676322937,0.5196870565414429,-0.061188001185655594,0.25166648626327515,0.5955972075462341,-0.005901276133954525,0.2258598506450653,0.4587462544441223,-0.03641261160373688,0.20979902148246765,0.3668688237667084,-0.057110495865345,0.1978093683719635,0.28764456510543823,-0.06539581716060638,0.2077069729566574,0.6315551400184631,-0.02321772836148739,0.1759631633758545,0.5437031984329224,-0.03899604454636574,0.1538114845752716,0.48074615001678467,-0.04943765327334404,0.13283735513687134,0.41703087091445923,-0.05776257812976837,8
0.27215179800987244,0.9051920175552368,3.6789805335502024e-07,0.3367574214935303,0.8389006853103638,-0.03400558978319168,0.36492300033569336,0.6923779845237732,-0.04486880823969841,0.3630021810531616,0.5775427222251892,-0.055390045046806335,0.33530592918395996,0.49276047945022583,-0.06357099860906601,0.3520330488681793,0.595672070980072,0.012451011687517166,0.3676469326019287,0.4778602123260498,-0.0005050668260082603,0.37315982580184937,0.3966365158557892,-0.011645345017313957,0.3766266703605652,0.32220301032066345,-0.02392059937119484,0.30280694365501404,0.5879850387573242,0.006548366043716669,0.2910023331642151,0.4399656057357788,-0.03817664086818695,0.29773229360580444,0.4691671133041382,-0.06116257980465889,0.3110280930995941,0.5207262635231018,-0.060260213911533356,0.2525421977043152,0.598476767539978,-0.0067011029459536076,0.22715876996517181,0.46154215931892395,-0.03684759512543678,0.21178162097930908,0.3689550459384918,-0.05703997239470482,0.20011836290359497,0.2883930504322052,-0.0649457797408104,0.20862990617752075,0.634662389755249,-0.02395487204194069,0.1776905357837677,0.5462659597396851,-0.0393482968211174,0.1561155766248703,0.48331576585769653,-0.04900325834751129,0.13515205681324005,0.4201091527938843,-0.056730519980192184,8
0.27237197756767273,0.9074506759643555,4.085881641913147e-07,0.33550530672073364,0.8396377563476562,-0.035558655858039856,0.36437225341796875,0.6974522471427917,-0.04795148968696594,0.3654520511627197,0.5817099809646606,-0.06014637649059296,0.3392415940761566,0.4937109351158142,-0.06998277455568314,0.35207924246788025,0.5967564582824707,0.01508607529103756,0.3659664988517761,0.48002737760543823,0.002820677123963833,0.3713129758834839,0.3991610109806061,-0.009308136999607086,0.37506040930747986,0.3251815438270569,-0.022446593269705772,0.30337759852409363,0.58980393409729,0.010076947510242462,0.29317575693130493,0.4439697861671448,-0.03346248343586922,0.29876819252967834,0.46991997957229614,-0.05814068019390106,0.3106103539466858,0.5184645652770996,-0.05905976891517639,0.25349995493888855,0.6004705429077148,-0.0024687994737178087,0.22977785766124725,0.4646871089935303,-0.03155466169118881,0.21407875418663025,0.3712123930454254,-0.052817415446043015,0.20219439268112183,0.29099172353744507,-0.06181560084223747,0.2099248766899109,0.6369693279266357,-0.01925009675323963,0.17977893352508545,0.5477723479270935,-0.03401755169034004,0.15788903832435608,0.48470625281333923,-0.04385397583246231,0.13737896084785461,0.42253577709198,-0.05176185443997383,8
0.27092382311820984,0.908982515335083,3.30971488438081e-07,0.33555692434310913,0.8442325592041016,-0.033729542046785355,0.36437493562698364,0.7012941837310791,-0.04417978972196579,0.36538395285606384,0.5858572125434875,-0.05409174785017967,0.340545117855072,0.5005377531051636,-0.06147760897874832,0.35065141320228577,0.6018627285957336,0.010866343975067139,0.36467117071151733,0.4824090003967285,-0.003141225315630436,0.3699374496936798,0.4012497067451477,-0.015322409570217133,0.3738384544849396,0.32556965947151184,-0.028397133573889732,0.30267608165740967,0.5927404165267944,0.005228367634117603,0.2933608889579773,0.4469403326511383,-0.04115768522024155,0.3002125918865204,0.4750592112541199,-0.06522666662931442,0.3121495246887207,0.5269031524658203,-0.06515878438949585,0.2535984516143799,0.6028110384941101,-0.007597224321216345,0.22980137169361115,0.46387094259262085,-0.03985293582081795,0.21357543766498566,0.3710097670555115,-0.06135881692171097,0.2013043463230133,0.29099467396736145,-0.06980389356613159,0.21050041913986206,0.6387875080108643,-0.024181362241506577,0.18001893162727356,0.5507676601409912,-0.042017389088869095,0.15790393948554993,0.48832136392593384,-0.05318738892674446,0.13674163818359375,0.42577609419822693,-0.061532724648714066,8
0.3099140226840973,0.8890292644500732,6.167384754007799e-07,0.3728945851325989,0.819273054599762,-0.02766619808971882,0.41391295194625854,0.6858831644058228,-0.04345817118883133,0.4256739616394043,0.5826835036277771,-0.06066449359059334,0.39813441038131714,0.5155762434005737,-0.07694588601589203,0.35925546288490295,0.5665512681007385,0.010404855012893677,0.3634272813796997,0.44379952549934387,-0.0025960139464586973,0.36897122859954834,0.35909685492515564,-0.016634702682495117,0.36751824617385864,0.2902448773384094,-0.0308070071041584,0.3092096149921417,0.566815197467804,-0.0004400508478283882,0.3236008286476135,0.4365817904472351,-0.0433354414999485,0.3518703579902649,0.4471290111541748,-0.06881821900606155,0.3746766746044159,0.4785560965538025,-0.07178198546171188,0.2560240626335144,0.5845105648040771,-0.01712922751903534,0.24501468241214752,0.4501718282699585,-0.04628562927246094,0.24544809758663177,0.3558346927165985,-0.06638637185096741,0.24617303907871246,0.27566298842430115,-0.0752561017870903,0.2076789140701294,0.6291229128837585,-0.0369897335767746,0.16600780189037323,0.5470660924911499,-0.0551876462996006,0.13876737654209137,0.4887453317642212,-0.06330036371946335,0.11367172002792358,0.432867169380188,-0.06845787167549133,8
0.31138134002685547,0.8879122734069824,6.135426247055875e-07,0.3730928599834442,0.8169472217559814,-0.02856408804655075,0.41330522298812866,0.6852898597717285,-0.046478867530822754,0.42634204030036926,0.5806937217712402,-0.06570829451084137,0.3969196677207947,0.5115653276443481,-0.08415592461824417,0.35963839292526245,0.5641390681266785,0.002570090349763632,0.3649614155292511,0.44090431928634644,-0.01270918920636177,0.37188735604286194,0.35552892088890076,-0.026075279340147972,0.374507874250412,0.28596994280815125,-0.03937775269150734,0.30792614817619324,0.5654950737953186,-0.009105395525693893,0.3176766335964203,0.4327414929866791,-0.05351338908076286,0.3423387408256531,0.44469189643859863,-0.07738468050956726,0.365395188331604,0.4764881432056427,-0.07924482971429825,0.25379180908203125,0.5850458145141602,-0.026587339118123055,0.23361100256443024,0.4512823820114136,-0.0580848827958107,0.22624288499355316,0.3548949360847473,-0.07967834174633026,0.22205880284309387,0.27523142099380493,-0.08961629867553711,0.205002099275589,0.6329834461212158,-0.047122541815042496,0.15283164381980896,0.5521554350852966,-0.06790027022361755,0.11799296736717224,0.49620574712753296,-0.07849906384944916,0.08679229021072388,0.4441712498664856,-0.08553282171487808,8
0.31206846237182617,0.890228271484375,6.171061386339716e-07,0.37266361713409424,0.817171573638916,-0.02780059352517128,0.4116344451904297,0.6857520937919617,-0.04528471827507019,0.42352813482284546,0.5810243487358093,-0.0639420822262764,0.3953627347946167,0.510185956954956,-0.0818140059709549,0.35830631852149963,0.5648712515830994,-0.0002124160819221288,0.3631681799888611,0.4411172866821289,-0.017260177060961723,0.37330543994903564,0.35579028725624084,-0.031524937599897385,0.37838810682296753,0.2864001989364624,-0.04493303969502449,0.30672138929367065,0.5657521486282349,-0.011834953911602497,0.3175048530101776,0.43472373485565186,-0.056424252688884735,0.3455723524093628,0.4430021643638611,-0.08021843433380127,0.3694469928741455,0.4719250798225403,-0.08254512399435043,0.25290223956108093,0.5864471793174744,-0.029192322865128517,0.23077696561813354,0.45261698961257935,-0.06242237985134125,0.22151806950569153,0.3555949330329895,-0.0854448676109314,0.2148909568786621,0.2755926847457886,-0.09628909081220627,0.2041984498500824,0.6354198455810547,-0.04921644926071167,0.14979490637779236,0.5551618933677673,-0.07204567641019821,0.1138412356376648,0.5002148747444153,-0.08388084173202515,0.08125042915344238,0.448625773191452,-0.0915563553571701,8
0.3122512698173523,0.896546483039856,5.858277063452988e-07,0.37338557839393616,0.8236641883850098,-0.030226154252886772,0.40818947553634644,0.6877365112304688,-0.04700707271695137,0.4166179895401001,0.5790498852729797,-0.06359024345874786,0.3892291784286499,0.5086418390274048,-0.07888291776180267,0.3642911911010742,0.5704582333564758,-0.005693458952009678,0.37695732712745667,0.44631993770599365,-0.02270672284066677,0.3882337212562561,0.35825344920158386,-0.034479718655347824,0.39446723461151123,0.2861386835575104,-0.046034980565309525,0.30857500433921814,0.5698083639144897,-0.01566977985203266,0.3144158124923706,0.4317238926887512,-0.060550276190042496,0.34124863147735596,0.4475867748260498,-0.08134818077087402,0.3662077784538269,0.4846613109111786,-0.08026762306690216,0.25217199325561523,0.5901628732681274,-0.0313352532684803,0.22418834269046783,0.4579744338989258,-0.06445763260126114,0.2110392451286316,0.3572774827480316,-0.08740545809268951,0.2009638249874115,0.2730720341205597,-0.09812158346176147,0.2028239220380783,0.6401734948158264,-0.049749650061130524,0.14495600759983063,0.5645381808280945,-0.07161729037761688,0.10562406480312347,0.5117409825325012,-0.08335128426551819,0.06946267187595367,0.4614281952381134,-0.09140834212303162,8
0.32049334049224854,0.901132345199585,5.29466888110619e-07,0.37927061319351196,0.8231118321418762,-0.031085584312677383,0.4025757908821106,0.6875550746917725,-0.047369346022605896,0.4003826081752777,0.5801314115524292,-0.06300461292266846,0.36778390407562256,0.5111839175224304,-0.07690785825252533,0.3601013123989105,0.5717876553535461,-0.006648498587310314,0.3705573081970215,0.44329094886779785,-0.023060573264956474,0.3744608163833618,0.35765883326530457,-0.03320329636335373,0.3767247200012207,0.28280195593833923,-0.04405270516872406,0.3016255497932434,0.573988139629364,-0.016390275210142136,0.2920468747615814,0.4281436502933502,-0.06394940614700317,0.3144874572753906,0.459288626909256,-0.08320033550262451,0.340853750705719,0.5120897889137268,-0.07874739915132523,0.2455746978521347,0.6003730297088623,-0.03174549713730812,0.20944613218307495,0.46802717447280884,-0.06410013884305954,0.18835224211215973,0.3728979825973511,-0.08533360064029694,0.17271491885185242,0.29360923171043396,-0.09416395425796509,0.20067530870437622,0.6577119827270508,-0.05003581568598747,0.14148636162281036,0.5910921692848206,-0.06884918361902237,0.10127602517604828,0.544459879398346,-0.07885976135730743,0.06317731738090515,0.49967160820961,-0.08579763025045395,8
0.3252642750740051,0.910272479057312,4.731290914605779e-07,0.3835673928260803,0.8288623690605164,-0.03548881784081459,0.4001873731613159,0.6908715963363647,-0.05216069519519806,0.3854615390300751,0.5819430947303772,-0.06745607405900955,0.34876304864883423,0.5071309804916382,-0.0809781551361084,0.3582536578178406,0.5769946575164795,-0.00908271037042141,0.36600977182388306,0.4483111500740051,-0.026966923847794533,0.36791491508483887,0.363176167011261,-0.03945335000753403,0.36600354313850403,0.2884645462036133,-0.052007582038640976,0.2994827330112457,0.582236111164093,-0.01629868522286415,0.2752978205680847,0.4429154396057129,-0.06263802200555801,0.295927494764328,0.46426475048065186,-0.08392339199781418,0.3205530643463135,0.51155024766922,-0.08294292539358139,0.24432523548603058,0.6115670800209045,-0.029634663835167885,0.20099326968193054,0.4842587113380432,-0.06162027269601822,0.1763012707233429,0.39108312129974365,-0.08312424272298813,0.15586751699447632,0.3129962682723999,-0.0930129662156105,0.20256468653678894,0.6706809401512146,-0.046436652541160583,0.14197567105293274,0.6082358360290527,-0.06563600897789001,0.10253700613975525,0.561728835105896,-0.07642807811498642,0.06446182727813721,0.5162917971611023,-0.08427827805280685,8
0.3269062638282776,0.9131606817245483,3.970225748162193e-07,0.38579413294792175,0.8316266536712646,-0.033168140798807144,0.40084636211395264,0.695767879486084,-0.04783003404736519,0.3840388059616089,0.5920363068580627,-0.06099455803632736,0.35181725025177,0.518649697303772,-0.07235562801361084,0.35798484086990356,0.5793556571006775,-0.01021262351423502,0.3683338761329651,0.45212090015411377,-0.029929742217063904,0.37015408277511597,0.3692288398742676,-0.04407146945595741,0.36770468950271606,0.2945197820663452,-0.05738997831940651,0.29973793029785156,0.5853739380836487,-0.017220448702573776,0.27500855922698975,0.447711318731308,-0.06378025561571121,0.2918959856033325,0.4680865406990051,-0.08499091863632202,0.31305623054504395,0.5123884677886963,-0.08431548625230789,0.2455255538225174,0.6159062385559082,-0.03008408658206463,0.20271693170070648,0.4881008565425873,-0.06298679113388062,0.17706513404846191,0.398528516292572,-0.0838339701294899,0.1556186079978943,0.32105588912963867,-0.09272440522909164,0.20501670241355896,0.675053596496582,-0.04598537087440491,0.14599667489528656,0.6125606894493103,-0.06594660133123398,0.1079082041978836,0.5669633746147156,-0.07630791515111923,0.07119354605674744,0.5204321146011353,-0.08322785794734955,8
0.33585166931152344,0.917160153388977,3.175983351866307e-07,0.3945682942867279,0.8332023620605469,-0.03342581167817116,0.40399986505508423,0.6938184499740601,-0.045390088111162186,0.3765316605567932,0.5916212201118469,-0.05492117255926132,0.34885650873184204,0.518979012966156,-0.06194014847278595,0.3657715618610382,0.5831605195999146,-0.009667305275797844,0.3760116696357727,0.45850613713264465,-0.029457885771989822,0.3777378499507904,0.3769645094871521,-0.04394671320915222,0.3764500916004181,0.3018394410610199,-0.05766499415040016,0.3081914782524109,0.5897766947746277,-0.014844776131212711,0.281080961227417,0.45428961515426636,-0.05985826998949051,0.2917258143424988,0.47031229734420776,-0.0812317505478859,0.3075399100780487,0.5088545083999634,-0.0818968415260315,0.2551211714744568,0.6203048229217529,-0.026021407917141914,0.21178430318832397,0.4927150011062622,-0.060767754912376404,0.18427985906600952,0.40512582659721375,-0.08357256650924683,0.16025184094905853,0.3281627893447876,-0.09359803795814514,0.21577057242393494,0.6774227023124695,-0.03985578194260597,0.1583520770072937,0.6135858297348022,-0.06286915391683578,0.12067174911499023,0.56890869140625,-0.07573685795068741,0.08337393403053284,0.5225100517272949,-0.0841570794582367,8
0.33823975920677185,0.9158908128738403,3.09181274360526e-07,0.39780306816101074,0.8341275453567505,-0.03266362473368645,0.4118051528930664,0.6949556469917297,-0.04439402371644974,0.387207955121994,0.5937874913215637,-0.05383822321891785,0.3601372241973877,0.5256083011627197,-0.06064936891198158,0.3720741868019104,0.5848081707954407,-0.009619885124266148,0.3850981593132019,0.4593905210494995,-0.029147189110517502,0.3870422840118408,0.37835025787353516,-0.04286647588014603,0.3862205147743225,0.30374571681022644,-0.05600501969456673,0.3143509328365326,0.5899175405502319,-0.015325697138905525,0.2890552282333374,0.45189154148101807,-0.06151216849684715,0.30053234100341797,0.4706013798713684,-0.08210328966379166,0.31774428486824036,0.5124313831329346,-0.08159542828798294,0.2611006498336792,0.6188954710960388,-0.02698724903166294,0.21948307752609253,0.4904991388320923,-0.06216835603117943,0.19360442459583282,0.4032577872276306,-0.08431876450777054,0.1717742532491684,0.32767677307128906,-0.09345346689224243,0.22058436274528503,0.6744943857192993,-0.04134025052189827,0.16414706408977509,0.6083545088768005,-0.0641963928937912,0.12651993334293365,0.561302125453949,-0.0771343931555748,0.08950503170490265,0.5131543874740601,-0.08550997078418732,8
0.33775198459625244,0.9103003144264221,3.6352457755128853e-07,0.39820608496665955,0.8307697772979736,-0.03346272185444832,0.41670477390289307,0.6973282098770142,-0.047023456543684006,0.39757823944091797,0.5971431136131287,-0.058336399495601654,0.3744168281555176,0.5255119204521179,-0.06732098758220673,0.3742832541465759,0.5876104831695557,-0.013494806364178658,0.38997408747673035,0.46415233612060547,-0.03630019351840019,0.39409396052360535,0.3810335695743561,-0.05244526267051697,0.39491915702819824,0.3045627176761627,-0.06683176010847092,0.31817033886909485,0.588922917842865,-0.019631851464509964,0.2949155569076538,0.45092928409576416,-0.06717999279499054,0.3069169223308563,0.4634418487548828,-0.08910602331161499,0.32359498739242554,0.4994262158870697,-0.08981680124998093,0.265849769115448,0.6143233180046082,-0.03161982074379921,0.22489482164382935,0.4852718412876129,-0.06801199167966843,0.19990648329257965,0.39635926485061646,-0.08989397436380386,0.17917083203792572,0.3188232183456421,-0.09867972880601883,0.22630713880062103,0.6676347255706787,-0.04642730951309204,0.1689852923154831,0.6015564799308777,-0.07021599262952805,0.1314300149679184,0.5524226427078247,-0.08272992819547653,0.09535758197307587,0.5025441646575928,-0.09041555225849152,8
0.33516955375671387,0.9182862043380737,3.46885911994832e-07,0.3964316248893738,0.8405309915542603,-0.03543853387236595,0.4185749292373657,0.7056492567062378,-0.050286926329135895,0.4005316197872162,0.6024615168571472,-0.062447234988212585,0.3719429671764374,0.5378081202507019,-0.07228808104991913,0.37632420659065247,0.5933443307876587,-0.014928346499800682,0.39254167675971985,0.47040706872940063,-0.03801514208316803,0.3971749246120453,0.3893263339996338,-0.05461219325661659,0.4001549482345581,0.3125663697719574,-0.0696648508310318,0.3206765949726105,0.5927919149398804,-0.020887834951281548,0.30094823241233826,0.451837420463562,-0.06906402111053467,0.310220867395401,0.4679379463195801,-0.09105437248945236,0.32547590136528015,0.5071911811828613,-0.09188152849674225,0.2680765986442566,0.6183516979217529,-0.03290439769625664,0.2306496649980545,0.4863259196281433,-0.06993598490953445,0.20624476671218872,0.3978896141052246,-0.09213144332170486,0.1862671673297882,0.32162100076675415,-0.10118109732866287,0.22737470269203186,0.6735405921936035,-0.04795561358332634,0.17250604927539825,0.6032086610794067,-0.07211507111787796,0.13600020110607147,0.5508448481559753,-0.08510158956050873,0.1003476083278656,0.4990611672401428,-0.09348443895578384,8
0.3318188488483429,0.9139285087585449,3.651344684385549e-07,0.3928240239620209,0.8353258967399597,-0.03635631501674652,0.41472703218460083,0.7018680572509766,-0.05163777619600296,0.398040771484375,0.5990580916404724,-0.06407678127288818,0.3754020929336548,0.5258126258850098,-0.07424300909042358,0.37398606538772583,0.5900183916091919,-0.01598839834332466,0.3901731073856354,0.46617254614830017,-0.038544509559869766,0.3950496017932892,0.38446423411369324,-0.05447646230459213,0.3973209261894226,0.3088061511516571,-0.06889865547418594,0.3182515501976013,0.5909771919250488,-0.021311890333890915,0.29707804322242737,0.4510422945022583,-0.06882551312446594,0.30577901005744934,0.46447351574897766,-0.09110599011182785,0.32017073035240173,0.5024385452270508,-0.09245500713586807,0.2653908133506775,0.6164337396621704,-0.03269118070602417,0.22757139801979065,0.4852908253669739,-0.06916792690753937,0.2026369571685791,0.3957304358482361,-0.0915956050157547,0.18238717317581177,0.3185565769672394,-0.10109955072402954,0.22458411753177643,0.6708473563194275,-0.047136176377534866,0.1686398983001709,0.5999662280082703,-0.07130740582942963,0.13131320476531982,0.5482152700424194,-0.08445054292678833,0.09549668431282043,0.49647513031959534,-0.09288773685693741,8
0.33116719126701355,0.9144690036773682,3.5597514624896576e-07,0.393046498298645,0.8350880146026611,-0.03588000684976578,0.4157702922821045,0.7047985792160034,-0.05226152762770653,0.4002564549446106,0.6043014526367188,-0.0662166178226471,0.3769991993904114,0.5296466946601868,-0.07793942838907242,0.3741084635257721,0.5896464586257935,-0.015391348861157894,0.388761043548584,0.4664992690086365,-0.03838314488530159,0.39443090558052063,0.38536199927330017,-0.05457427725195885,0.39726316928863525,0.3104436695575714,-0.06906604021787643,0.31795451045036316,0.5910815596580505,-0.021570228040218353,0.29676270484924316,0.45280295610427856,-0.07045574486255646,0.3085997402667999,0.4712594747543335,-0.0927724689245224,0.3248329758644104,0.513298511505127,-0.09356449544429779,0.26463472843170166,0.6172947883605957,-0.0339067317545414,0.22675025463104248,0.4871475398540497,-0.07084900885820389,0.20234574377536774,0.3971083164215088,-0.093086376786232,0.18189379572868347,0.3191284239292145,-0.10232999175786972,0.22335505485534668,0.6726805567741394,-0.04926638677716255,0.1673455834388733,0.6023839712142944,-0.07326006889343262,0.13006483018398285,0.5506811141967773,-0.08598347008228302,0.09365274012088776,0.4981386959552765,-0.09415683150291443,8
0.32759642601013184,0.9089481830596924,3.6852421203548147e-07,0.39163899421691895,0.8305307626724243,-0.034882400184869766,0.41176021099090576,0.6978667974472046,-0.04967467114329338,0.3936964273452759,0.596728503704071,-0.06168137863278389,0.3667917251586914,0.5231019258499146,-0.07134819775819778,0.36845484375953674,0.5886157155036926,-0.015883395448327065,0.3816857933998108,0.46304118633270264,-0.037790447473526,0.38732966780662537,0.37965869903564453,-0.05215035378932953,0.3894537091255188,0.3042718768119812,-0.06518857926130295,0.312288373708725,0.5906416177749634,-0.02184237353503704,0.2874964773654938,0.45270177721977234,-0.07068710774183273,0.3046562671661377,0.47345930337905884,-0.091428741812706,0.3256639838218689,0.5189660787582397,-0.09023864567279816,0.2592056393623352,0.6168766617774963,-0.03374914824962616,0.21853122115135193,0.4868043065071106,-0.06978406012058258,0.19642481207847595,0.3952608108520508,-0.09113548696041107,0.17833927273750305,0.3159897029399872,-0.09954696148633957,0.21895447373390198,0.671252965927124,-0.04856162518262863,0.16105295717716217,0.601764976978302,-0.07124100625514984,0.12404757738113403,0.5504614114761353,-0.08325113356113434,0.0879683643579483,0.4982849061489105,-0.09092777967453003,8
0.3296652138233185,0.9067553877830505,4.1394048366782954e-07,0.39111676812171936,0.8272613286972046,-0.03556651994585991,0.4104750156402588,0.6974835395812988,-0.05190787836909294,0.39210301637649536,0.5980618596076965,-0.06585418432950974,0.36443233489990234,0.5228681564331055,-0.07766097038984299,0.36570918560028076,0.5867840051651001,-0.014912591315805912,0.3782769441604614,0.4638395309448242,-0.03739171102643013,0.3836459517478943,0.3816452622413635,-0.05309798941016197,0.3859807848930359,0.3076496720314026,-0.06703226268291473,0.3104964792728424,0.5907114148139954,-0.020955603569746017,0.28784486651420593,0.4547308683395386,-0.06986412405967712,0.30315497517585754,0.47149741649627686,-0.09243549406528473,0.32285428047180176,0.5138627886772156,-0.09300322085618973,0.2581213414669037,0.6179839372634888,-0.033011868596076965,0.21790829300880432,0.4890083372592926,-0.06898597627878189,0.19329595565795898,0.3981013298034668,-0.09088391810655594,0.17334553599357605,0.3200628161430359,-0.09988348931074142,0.21864980459213257,0.6733254790306091,-0.04807141423225403,0.16088435053825378,0.604548454284668,-0.07073789089918137,0.12298743426799774,0.5532376766204834,-0.08277110010385513,0.08646465837955475,0.5014752149581909,-0.09050406515598297,8
0.3284463584423065,0.9090409278869629,3.65304714478043e-07,0.3906480073928833,0.8310077786445618,-0.035234831273555756,0.4118835926055908,0.6989537477493286,-0.050461556762456894,0.3934951722621918,0.5991933345794678,-0.06297630071640015,0.36576053500175476,0.526902973651886,-0.07310956716537476,0.3685171604156494,0.589347243309021,-0.01365129929035902,0.3806428909301758,0.46680551767349243,-0.0346766822040081,0.3851162791252136,0.3865133821964264,-0.04904870688915253,0.38714832067489624,0.3133782744407654,-0.06233706697821617,0.3127719759941101,0.5925837755203247,-0.01951592229306698,0.28998416662216187,0.45676571130752563,-0.06834158301353455,0.30405667424201965,0.4781827926635742,-0.090298131108284,0.32322564721107483,0.5229138731956482,-0.09003230929374695,0.26021698117256165,0.6189936399459839,-0.03139832615852356,0.2208009660243988,0.4897851347923279,-0.06710522621870041,0.19694849848747253,0.3995479345321655,-0.08911450952291489,0.17783160507678986,0.3213724195957184,-0.09812267869710922,0.22018924355506897,0.6735504865646362,-0.04622740298509598,0.1630254089832306,0.6048524975776672,-0.06881587952375412,0.12571381032466888,0.5538776516914368,-0.08118290454149246,0.08989609777927399,0.5011115074157715,-0.08919579535722733,8
0.3310004770755768,0.9111871719360352,3.81628950663071e-07,0.39375436305999756,0.8333889245986938,-0.03483559563755989,0.41483423113822937,0.7012461423873901,-0.050383061170578,0.39948153495788574,0.6002256870269775,-0.06355404108762741,0.37470564246177673,0.5230374336242676,-0.07447059452533722,0.3696504235267639,0.5909433364868164,-0.012744864448904991,0.38167041540145874,0.47138726711273193,-0.03389440476894379,0.3892166018486023,0.3907843232154846,-0.049007005989551544,0.39171653985977173,0.3180163502693176,-0.06303147971630096,0.31695133447647095,0.5926059484481812,-0.01917741633951664,0.2972019910812378,0.45909395813941956,-0.06782298535108566,0.3171311020851135,0.478412389755249,-0.0907752737402916,0.33754247426986694,0.5238804221153259,-0.09178054332733154,0.26578253507614136,0.6183149218559265,-0.03167171776294708,0.227735698223114,0.4891853928565979,-0.06850434839725494,0.2079317420721054,0.39914023876190186,-0.09155744314193726,0.18995392322540283,0.32229897379875183,-0.1014408990740776,0.22604131698608398,0.6724154353141785,-0.04698837548494339,0.16936270892620087,0.6053617596626282,-0.07117477059364319,0.13279962539672852,0.5537883043289185,-0.08490367978811264,0.0961715579032898,0.5010441541671753,-0.09412073343992233,8
0.327536940574646,0.9096218347549438,4.065584846557613e-07,0.39028432965278625,0.8345651626586914,-0.03597712144255638,0.41359180212020874,0.7033675312995911,-0.052064117044210434,0.3972701132297516,0.6008987426757812,-0.0659579411149025,0.3735845386981964,0.5248141288757324,-0.07789518684148788,0.36523544788360596,0.5882353782653809,-0.010318574495613575,0.37516534328460693,0.4693111777305603,-0.030455954372882843,0.38125091791152954,0.3871363699436188,-0.04499989375472069,0.38229265809059143,0.3149206042289734,-0.05868517979979515,0.3117474913597107,0.5926305055618286,-0.01625956781208515,0.28932562470436096,0.459017276763916,-0.06498854607343674,0.3084687888622284,0.4798443019390106,-0.08790826797485352,0.32979485392570496,0.52583247423172,-0.08843506872653961,0.26132285594940186,0.6199657320976257,-0.028462044894695282,0.22360585629940033,0.4912686347961426,-0.06457685679197311,0.20106136798858643,0.4016414284706116,-0.0865992084145546,0.18210023641586304,0.3251105546951294,-0.09553906321525574,0.22210446000099182,0.6750240325927734,-0.04377845674753189,0.16507141292095184,0.6050509214401245,-0.06785822659730911,0.12750698626041412,0.5532958507537842,-0.08115307986736298,0.09120665490627289,0.4989686906337738,-0.08961273729801178,8
0.32714781165122986,0.9081569910049438,4.556683848022658e-07,0.3887338936328888,0.8346536159515381,-0.03536451235413551,0.41108307242393494,0.7019304633140564,-0.05160070210695267,0.39272433519363403,0.5971481204032898,-0.06624728441238403,0.37128183245658875,0.5190160870552063,-0.0792711079120636,0.3640950322151184,0.5888797044754028,-0.007594357710331678,0.3736785054206848,0.47127965092658997,-0.02592449076473713,0.3794040381908417,0.38815394043922424,-0.03954291716217995,0.3801223337650299,0.3160664439201355,-0.05308116227388382,0.31040626764297485,0.5931270122528076,-0.013847403228282928,0.2872326076030731,0.46126583218574524,-0.06036030128598213,0.3067864775657654,0.47585487365722656,-0.08351396769285202,0.32910028100013733,0.5157831311225891,-0.08499538153409958,0.260267972946167,0.6193332672119141,-0.026220787316560745,0.22176304459571838,0.49019527435302734,-0.060875680297613144,0.1997382938861847,0.39904093742370605,-0.08273926377296448,0.18214812874794006,0.3211406469345093,-0.09216289967298508,0.22129195928573608,0.6741248369216919,-0.041803378611803055,0.163219153881073,0.6046639680862427,-0.06595241278409958,0.12487132847309113,0.5534616708755493,-0.07953006029129028,0.08878031373023987,0.5006381273269653,-0.08828409016132355,8
0.33058401942253113,0.9095110893249512,4.6916829887777567e-07,0.39145511388778687,0.8338285684585571,-0.034631624817848206,0.4139641523361206,0.7014206647872925,-0.05099970102310181,0.3961383104324341,0.5991789102554321,-0.0654931366443634,0.37273839116096497,0.5213888883590698,-0.07799949496984482,0.36496713757514954,0.5901626348495483,-0.010497982613742352,0.3737984299659729,0.46979331970214844,-0.029731599614024162,0.3797703981399536,0.3874436616897583,-0.043473921716213226,0.38085219264030457,0.31406936049461365,-0.05691514164209366,0.31261056661605835,0.5937830209732056,-0.01779470592737198,0.29198524355888367,0.4598929286003113,-0.06564103066921234,0.3159814774990082,0.4752236306667328,-0.08893421292304993,0.34158656001091003,0.5183688998222351,-0.09001104533672333,0.2628110349178314,0.6205002665519714,-0.030982661992311478,0.2231844961643219,0.4902018904685974,-0.06672516465187073,0.20365315675735474,0.3967548906803131,-0.0894884541630745,0.18856173753738403,0.3179379403591156,-0.09924295544624329,0.2237163633108139,0.6758622527122498,-0.04712687432765961,0.16454830765724182,0.606165885925293,-0.07068628072738647,0.12686900794506073,0.5536715984344482,-0.08391573280096054,0.09089063107967377,0.5009669661521912,-0.09269541501998901,8
0.33212223649024963,0.909866452217102,4.3619755274448835e-07,0.391307532787323,0.8337100744247437,-0.032239098101854324,0.4132828116416931,0.703094482421875,-0.047614336013793945,0.40004265308380127,0.6027902960777283,-0.061696331948041916,0.37747567892074585,0.5265761613845825,-0.07409202307462692,0.36698752641677856,0.5905766487121582,-0.00925933476537466,0.37462860345840454,0.4736977219581604,-0.028180157765746117,0.38072654604911804,0.39306092262268066,-0.04190204292535782,0.3809053897857666,0.32018542289733887,-0.05538249760866165,0.3155704140663147,0.5931656956672668,-0.017388714477419853,0.29563841223716736,0.4604305028915405,-0.06414849311113358,0.32197949290275574,0.47427237033843994,-0.08754109591245651,0.34744367003440857,0.5138697624206543,-0.08936290442943573,0.2658490240573883,0.6189692616462708,-0.031218314543366432,0.22536836564540863,0.49204036593437195,-0.0669432282447815,0.2071271538734436,0.3991405963897705,-0.09060756862163544,0.19180062413215637,0.3199743628501892,-0.10115187615156174,0.22605478763580322,0.6723645925521851,-0.047745831310749054,0.16581270098686218,0.6015857458114624,-0.07163538783788681,0.12724389135837555,0.5500154495239258,-0.08540455251932144,0.09010471403598785,0.4987916350364685,-0.09471900761127472,8
0.33126604557037354,0.9126754403114319,4.4237788188183913e-07,0.3915749788284302,0.8362805843353271,-0.03425600752234459,0.4148516058921814,0.7045899629592896,-0.05009373649954796,0.39841267466545105,0.602543830871582,-0.06426297128200531,0.37515294551849365,0.5250124335289001,-0.07651317864656448,0.36668312549591064,0.593632161617279,-0.008788879960775375,0.37478137016296387,0.47628527879714966,-0.0276339128613472,0.380466490983963,0.394657164812088,-0.041232720017433167,0.380851686000824,0.3215530812740326,-0.054575223475694656,0.31459200382232666,0.5967630743980408,-0.015825599431991577,0.29440364241600037,0.4652525782585144,-0.0626121535897255,0.3182499408721924,0.47900205850601196,-0.08605486154556274,0.34272104501724243,0.5180956125259399,-0.08780273795127869,0.26466283202171326,0.6221142411231995,-0.02883176878094673,0.22566980123519897,0.49460601806640625,-0.06481381505727768,0.20692428946495056,0.40160906314849854,-0.08829522877931595,0.19160138070583344,0.3222568929195404,-0.09861739724874496,0.22505393624305725,0.6752220392227173,-0.04471180588006973,0.1651274710893631,0.6055636405944824,-0.06894960254430771,0.1268915981054306,0.5540828704833984,-0.08277358114719391,0.09043620526790619,0.5024198293685913,-0.09196782857179642,8
0.32998356223106384,0.9114081263542175,4.4599755710805766e-07,0.3904091417789459,0.8351529836654663,-0.031818993389606476,0.4133334159851074,0.7024436593055725,-0.046862661838531494,0.3988601863384247,0.6018019318580627,-0.06083093211054802,0.3770972788333893,0.5247498154640198,-0.07316026836633682,0.3637894093990326,0.5921112895011902,-0.00667895283550024,0.3723564147949219,0.4744543433189392,-0.02488390915095806,0.3792407810688019,0.3933674991130829,-0.03827633708715439,0.38050246238708496,0.3211403787136078,-0.05155085027217865,0.3126426637172699,0.5963602066040039,-0.014911996200680733,0.29328450560569763,0.46518170833587646,-0.06259777396917343,0.3191041648387909,0.4805779755115509,-0.08702962845563889,0.3446003794670105,0.5213575959205627,-0.08893906325101852,0.2636227309703827,0.6219704747200012,-0.0288022980093956,0.22467249631881714,0.49450892210006714,-0.06444820761680603,0.20719563961029053,0.4008934795856476,-0.08840831369161606,0.19274266064167023,0.32149988412857056,-0.09896308183670044,0.2249254286289215,0.6749835014343262,-0.045380473136901855,0.16506023705005646,0.6062809824943542,-0.06908750534057617,0.12669536471366882,0.5552030801773071,-0.08297406136989594,0.09008941054344177,0.5040432810783386,-0.09221486002206802,8
0.32998549938201904,0.912330150604248,4.2898005858660326e-07,0.3895006775856018,0.8328676223754883,-0.03054114244878292,0.4131614863872528,0.7019466161727905,-0.04514653608202934,0.39810994267463684,0.6020303964614868,-0.05880030244588852,0.37603282928466797,0.5244535207748413,-0.07084724307060242,0.3640449345111847,0.5924097299575806,-0.0074201952666044235,0.3714868724346161,0.47401949763298035,-0.02627764828503132,0.3778120279312134,0.391777902841568,-0.040351808071136475,0.3784167170524597,0.3192388117313385,-0.053722113370895386,0.31226712465286255,0.5962117314338684,-0.015712834894657135,0.2923356890678406,0.4664693772792816,-0.061043452471494675,0.3155740797519684,0.4768781065940857,-0.08458536118268967,0.33836135268211365,0.5129141211509705,-0.08704089373350143,0.2629440128803253,0.621855616569519,-0.029452016577124596,0.2244735062122345,0.49482113122940063,-0.06415946036577225,0.2074490189552307,0.4018365740776062,-0.08707680553197861,0.19359427690505981,0.32344964146614075,-0.09725117683410645,0.22346898913383484,0.6750398874282837,-0.04574344679713249,0.16251084208488464,0.6045698523521423,-0.06966816633939743,0.1235504150390625,0.5533593893051147,-0.08276201784610748,0.08686938881874084,0.5033044815063477,-0.091073177754879,8
0.3286750912666321,0.9125452041625977,4.6277014575935027e-07,0.3876726031303406,0.8349093198776245,-0.03172798827290535,0.41010740399360657,0.7021280527114868,-0.04688847437500954,0.3949662446975708,0.6009194850921631,-0.06120838597416878,0.37519556283950806,0.52094566822052,-0.07392492145299911,0.36134690046310425,0.5927708745002747,-0.0060782665386796,0.36931562423706055,0.474834144115448,-0.0242441538721323,0.37598079442977905,0.39296767115592957,-0.03809210658073425,0.37715885043144226,0.31975850462913513,-0.05174986273050308,0.3103000819683075,0.5974244475364685,-0.014333405531942844,0.29087603092193604,0.4671478271484375,-0.06059151142835617,0.31486621499061584,0.4774627089500427,-0.08519519865512848,0.3390951156616211,0.5130118727684021,-0.08812055736780167,0.26187190413475037,0.6231840252876282,-0.028243424370884895,0.22284039855003357,0.49690955877304077,-0.06355348974466324,0.20521126687526703,0.40329235792160034,-0.08711942285299301,0.1909157782793045,0.3238891363143921,-0.09765584766864777,0.2233932912349701,0.6759981513023376,-0.04487800970673561,0.16303664445877075,0.6045624613761902,-0.06918956339359283,0.12381687760353088,0.5531458854675293,-0.08280020952224731,0.0868014246225357,0.5024029612541199,-0.09164542704820633,8
